"","SNP","other_allele.exposure","effect_allele.exposure","eaf.exposure","pval.exposure","beta.exposure","se.exposure","exposure","mr_keep.exposure","pval_origin.exposure","id.exposure","data_source.exposure"
"1","rs10753661","G","A",0.702,4.24e-08,-0.0113655526863382,0.00207505652827363,"exposure",TRUE,"reported","FTuOsZ","textfile"
"2","rs28680958","G","A",0.23,9.78e-09,-0.0135848203397165,0.00236840489626579,"exposure",TRUE,"reported","FTuOsZ","textfile"
"24","rs1260326","T","C",0.595,3.33e-33,0.0238120100247729,0.00198433416873107,"exposure",TRUE,"reported","FTuOsZ","textfile"
"138","rs62135521","G","T",0.0378,9.91e-09,-0.0263575525960098,0.0045952287230083,"exposure",TRUE,"reported","FTuOsZ","textfile"
"180","rs528301","G","A",0.605,1.25e-15,0.015591936824857,0.00194899210310713,"exposure",TRUE,"reported","FTuOsZ","textfile"
"228","rs6739804","T","C",0.66,4.72e-10,-0.0129688398225865,0.00208202175696904,"exposure",TRUE,"reported","FTuOsZ","textfile"
"263","rs4233567","C","T",0.34,3.83e-10,-0.0125899374993692,0.00201085400579023,"exposure",TRUE,"reported","FTuOsZ","textfile"
"365","rs28732378","A","G",0.729,2.24e-14,-0.0167274070433266,0.00219075770468505,"exposure",TRUE,"reported","FTuOsZ","textfile"
"1026","rs28712821","G","A",0.594,1.1e-46,0.0283338745599009,0.00197411458286804,"exposure",TRUE,"reported","FTuOsZ","textfile"
"1082","rs16854020","G","A",0.127,4.82e-10,0.0180830329355792,0.00290680427875141,"exposure",TRUE,"reported","FTuOsZ","textfile"
"1182","rs1229984","T","C",0.953,1e-200,0.188115393151078,0.00617852015150481,"exposure",TRUE,"reported","FTuOsZ","textfile"
"1305","rs78234152","G","A",0.0986,2.18e-19,0.0276538012299537,0.00307074964131358,"exposure",TRUE,"reported","FTuOsZ","textfile"
"1646","rs13107325","C","T",0.0654,1.23e-20,-0.0364547528733166,0.00391285987884877,"exposure",TRUE,"reported","FTuOsZ","textfile"
"1694","rs331939","G","A",0.339,4.5e-09,-0.0119016124257318,0.00202920807623013,"exposure",TRUE,"reported","FTuOsZ","textfile"
"1747","rs4916723","A","C",0.404,8.07e-09,-0.0112709040269623,0.00195315466379152,"exposure",TRUE,"reported","FTuOsZ","textfile"
"1748","rs55872084","G","T",0.218,1.98e-08,0.0127313839176137,0.0022684036513902,"exposure",TRUE,"reported","FTuOsZ","textfile"
"1915","rs10085696","A","G",0.201,1.24e-10,-0.0160516757079784,0.00249471079633401,"exposure",TRUE,"reported","FTuOsZ","textfile"
"1941","rs2299409","G","A",0.493,4.8e-08,-0.0105546264396257,0.00193345796628323,"exposure",TRUE,"reported","FTuOsZ","textfile"
"1982","rs6951574","T","C",0.459,4.44e-11,0.0127525392564315,0.00193576130540252,"exposure",TRUE,"reported","FTuOsZ","textfile"
"1992","rs28601761","C","G",0.405,7.6e-09,0.0112988680105978,0.00195506725553879,"exposure",TRUE,"reported","FTuOsZ","textfile"
"1993","rs55932213","A","G",0.701,1.8e-08,0.0124767116654056,0.0022160038348945,"exposure",TRUE,"reported","FTuOsZ","textfile"
"1994","rs2049045","G","C",0.189,3.97e-08,-0.0137682585484569,0.00250539116360845,"exposure",TRUE,"reported","FTuOsZ","textfile"
"2048","rs4752999","C","T",0.321,2.03e-12,-0.0145643195809071,0.00207008224525429,"exposure",TRUE,"reported","FTuOsZ","textfile"
"2349","rs4309187","A","C",0.697,1.37e-12,0.0147907560743069,0.00208755783492011,"exposure",TRUE,"reported","FTuOsZ","textfile"
"2371","rs17542254","A","G",0.251,8.96e-10,0.0131417986336138,0.00214604673031727,"exposure",TRUE,"reported","FTuOsZ","textfile"
"2386","rs1387766","G","A",0.622,4.79e-08,-0.0108270201101864,0.00198335662592062,"exposure",TRUE,"reported","FTuOsZ","textfile"
"2387","rs34704785","C","T",0.412,4.52e-08,-0.0105815071210331,0.00193513796966036,"exposure",TRUE,"reported","FTuOsZ","textfile"
"2391","rs1123285","C","G",0.339,1.36e-09,-0.0124183174066172,0.00204988606855262,"exposure",TRUE,"reported","FTuOsZ","textfile"
"2468","rs28929474","C","T",0.0154,2.39e-11,-0.0476809291783549,0.00713965589244924,"exposure",TRUE,"reported","FTuOsZ","textfile"
"2511","rs153106","T","C",0.409,3.63e-12,-0.0136117563673695,0.00195857678186169,"exposure",TRUE,"reported","FTuOsZ","textfile"
"2757","rs79616692","G","C",0.11,2.38e-09,0.0188085151514031,0.00315231430144138,"exposure",TRUE,"reported","FTuOsZ","textfile"
"2770","rs11860773","T","C",0.176,8.35e-10,-0.0150050680285416,0.00244380918987745,"exposure",TRUE,"reported","FTuOsZ","textfile"
"2792","rs13332432","C","G",0.296,5.94e-11,0.0140049677502389,0.00214072178458593,"exposure",TRUE,"reported","FTuOsZ","textfile"
"2806","rs34121753","A","G",0.532,1.39e-08,0.0110693971586384,0.00195072492860233,"exposure",TRUE,"reported","FTuOsZ","textfile"
"4706","rs76640332","G","A",0.204,1.47e-18,-0.0210080639985037,0.00238944085370209,"exposure",TRUE,"reported","FTuOsZ","textfile"
"5177","rs838145","G","A",0.584,3.87e-16,-0.0157978220180249,0.00194017298179672,"exposure",TRUE,"reported","FTuOsZ","textfile"
"5197","rs6106989","G","A",0.628,3.81e-08,0.0108994424567779,0.00198335662592062,"exposure",TRUE,"reported","FTuOsZ","textfile"
