"","SNP","effect_allele.exposure","other_allele.exposure","effect_allele.outcome","other_allele.outcome","beta.exposure","beta.outcome","eaf.exposure","eaf.outcome","remove","palindromic","ambiguous","id.outcome","pos.outcome","pval.outcome","se.outcome","outcome","mr_keep.outcome","pval_origin.outcome","data_source.outcome","X","pval.exposure","se.exposure","exposure","mr_keep.exposure","pval_origin.exposure","id.exposure","data_source.exposure","action","SNP_index","mr_keep","samplesize.outcome"
"1","rs10085696","G","A","G","A",-0.0160516757079784,0.00379091,0.201,NA,FALSE,FALSE,FALSE,"8uQXrq",70318034,0.901007,0.0304761,"outcome",TRUE,"reported","textfile",1915,1.24e-10,0.00249471079633401,"exposure",TRUE,"reported","FTuOsZ","textfile",2,1,TRUE,NA
"2","rs10753661","A","G","A","G",-0.0113655526863382,-0.00154478,0.702,NA,FALSE,FALSE,FALSE,"8uQXrq",165150555,0.954045,0.0268064,"outcome",TRUE,"reported","textfile",1,4.24e-08,0.00207505652827363,"exposure",TRUE,"reported","FTuOsZ","textfile",2,1,TRUE,NA
"3","rs1123285","G","C","G","C",-0.0124183174066172,-0.0363535,0.339,NA,FALSE,TRUE,TRUE,"8uQXrq",56807801,0.163751,0.0261054,"outcome",TRUE,"reported","textfile",2391,1.36e-09,0.00204988606855262,"exposure",TRUE,"reported","FTuOsZ","textfile",2,1,FALSE,NA
"4","rs11860773","C","T","C","T",-0.0150050680285416,0.0312028,0.176,NA,FALSE,FALSE,FALSE,"8uQXrq",73878604,0.319595,0.0313504,"outcome",TRUE,"reported","textfile",2770,8.35e-10,0.00244380918987745,"exposure",TRUE,"reported","FTuOsZ","textfile",2,1,TRUE,NA
"5","rs1229984","C","T","C","T",0.188115393151078,-0.362919,0.953,NA,FALSE,FALSE,FALSE,"8uQXrq",99318162,0.0431181,0.179435,"outcome",TRUE,"reported","textfile",1182,1e-200,0.00617852015150481,"exposure",TRUE,"reported","FTuOsZ","textfile",2,1,TRUE,NA
"6","rs1260326","C","T","C","T",0.0238120100247729,-0.00546702,0.595,NA,FALSE,FALSE,FALSE,"8uQXrq",27508073,0.834164,0.0261125,"outcome",TRUE,"reported","textfile",24,3.33e-33,0.00198433416873107,"exposure",TRUE,"reported","FTuOsZ","textfile",2,1,TRUE,NA
"7","rs13107325","T","C","T","C",-0.0364547528733166,0.0324735,0.0654,NA,FALSE,FALSE,FALSE,"8uQXrq",102267552,0.762853,0.107622,"outcome",TRUE,"reported","textfile",1646,1.23e-20,0.00391285987884877,"exposure",TRUE,"reported","FTuOsZ","textfile",2,1,TRUE,NA
"8","rs13332432","G","C","G","C",0.0140049677502389,0.060121,0.296,NA,FALSE,TRUE,TRUE,"8uQXrq",85688203,0.0369803,0.0288214,"outcome",TRUE,"reported","textfile",2792,5.94e-11,0.00214072178458593,"exposure",TRUE,"reported","FTuOsZ","textfile",2,1,FALSE,NA
"9","rs1387766","A","G","A","G",-0.0108270201101864,0.0347258,0.622,NA,FALSE,FALSE,FALSE,"8uQXrq",91688023,0.190745,0.0265411,"outcome",TRUE,"reported","textfile",2386,4.79e-08,0.00198335662592062,"exposure",TRUE,"reported","FTuOsZ","textfile",2,1,TRUE,NA
"10","rs153106","C","T","C","T",-0.0136117563673695,0.0281187,0.409,NA,FALSE,FALSE,FALSE,"8uQXrq",28515576,0.259211,0.0249222,"outcome",TRUE,"reported","textfile",2511,3.63e-12,0.00195857678186169,"exposure",TRUE,"reported","FTuOsZ","textfile",2,1,TRUE,NA
"11","rs16854020","A","G","A","G",0.0180830329355792,0.00346577,0.127,NA,FALSE,FALSE,FALSE,"8uQXrq",42115542,0.937488,0.0441905,"outcome",TRUE,"reported","textfile",1082,4.82e-10,0.00290680427875141,"exposure",TRUE,"reported","FTuOsZ","textfile",2,1,TRUE,NA
"12","rs17542254","G","A","G","A",0.0131417986336138,0.0103607,0.251,NA,FALSE,FALSE,FALSE,"8uQXrq",113784974,0.727962,0.029786,"outcome",TRUE,"reported","textfile",2371,8.96e-10,0.00214604673031727,"exposure",TRUE,"reported","FTuOsZ","textfile",2,1,TRUE,NA
"13","rs2049045","C","G","C","G",-0.0137682585484569,0.0244029,0.189,NA,FALSE,TRUE,TRUE,"8uQXrq",27672694,0.48234,0.0347349,"outcome",TRUE,"reported","textfile",1994,3.97e-08,0.00250539116360845,"exposure",TRUE,"reported","FTuOsZ","textfile",2,1,FALSE,NA
"14","rs2299409","A","G","A","G",-0.0105546264396257,0.0119744,0.493,NA,FALSE,FALSE,FALSE,"8uQXrq",104171723,0.630009,0.024858,"outcome",TRUE,"reported","textfile",1941,4.8e-08,0.00193345796628323,"exposure",TRUE,"reported","FTuOsZ","textfile",2,1,TRUE,NA
"15","rs28601761","G","C","G","C",0.0112988680105978,0.0034487,0.405,NA,FALSE,TRUE,TRUE,"8uQXrq",125487789,0.891308,0.0252376,"outcome",TRUE,"reported","textfile",1992,7.6e-09,0.00195506725553879,"exposure",TRUE,"reported","FTuOsZ","textfile",2,1,FALSE,NA
"16","rs28680958","A","G","A","G",-0.0135848203397165,0.0250101,0.23,NA,FALSE,FALSE,FALSE,"8uQXrq",173879670,0.423549,0.0312517,"outcome",TRUE,"reported","textfile",2,9.78e-09,0.00236840489626579,"exposure",TRUE,"reported","FTuOsZ","textfile",2,1,TRUE,NA
"17","rs28712821","A","G","A","G",0.0283338745599009,-0.0592274,0.594,NA,FALSE,FALSE,FALSE,"8uQXrq",39412160,0.0230627,0.0260638,"outcome",TRUE,"reported","textfile",1026,1.1e-46,0.00197411458286804,"exposure",TRUE,"reported","FTuOsZ","textfile",2,1,TRUE,NA
"18","rs28732378","G","A","G","A",-0.0167274070433266,-0.0288604,0.729,NA,FALSE,FALSE,FALSE,"8uQXrq",85354742,0.322531,0.0291735,"outcome",TRUE,"reported","textfile",365,2.24e-14,0.00219075770468505,"exposure",TRUE,"reported","FTuOsZ","textfile",2,1,TRUE,NA
"19","rs28929474","T","C","T","C",-0.0476809291783549,-0.053741,0.0154,NA,FALSE,FALSE,FALSE,"8uQXrq",94378610,0.553447,0.0906863,"outcome",TRUE,"reported","textfile",2468,2.39e-11,0.00713965589244924,"exposure",TRUE,"reported","FTuOsZ","textfile",2,1,TRUE,NA
"20","rs331939","A","G","A","G",-0.0119016124257318,-0.00674398,0.339,NA,FALSE,FALSE,FALSE,"8uQXrq",142733736,0.805944,0.0274523,"outcome",TRUE,"reported","textfile",1694,4.5e-09,0.00202920807623013,"exposure",TRUE,"reported","FTuOsZ","textfile",2,1,TRUE,NA
"21","rs34121753","G","A","G","A",0.0110693971586384,-0.0297726,0.532,NA,FALSE,FALSE,FALSE,"8uQXrq",7830515,0.236024,0.0251249,"outcome",TRUE,"reported","textfile",2806,1.39e-08,0.00195072492860233,"exposure",TRUE,"reported","FTuOsZ","textfile",2,1,TRUE,NA
"22","rs34704785","T","C","T","C",-0.0105815071210331,0.0439649,0.412,NA,FALSE,FALSE,FALSE,"8uQXrq",67543549,0.0775818,0.0249109,"outcome",TRUE,"reported","textfile",2387,4.52e-08,0.00193513796966036,"exposure",TRUE,"reported","FTuOsZ","textfile",2,1,TRUE,NA
"23","rs4233567","T","C","T","C",-0.0125899374993692,0.00337849,0.34,NA,FALSE,FALSE,FALSE,"8uQXrq",143514807,0.896523,0.0259774,"outcome",TRUE,"reported","textfile",263,3.83e-10,0.00201085400579023,"exposure",TRUE,"reported","FTuOsZ","textfile",2,1,TRUE,NA
"24","rs4309187","C","A","C","A",0.0147907560743069,-0.042603,0.697,NA,FALSE,FALSE,FALSE,"8uQXrq",113541721,0.201782,0.0333751,"outcome",TRUE,"reported","textfile",2349,1.37e-12,0.00208755783492011,"exposure",TRUE,"reported","FTuOsZ","textfile",2,1,TRUE,NA
"25","rs4752999","T","C","T","C",-0.0145643195809071,0.0568288,0.321,NA,FALSE,FALSE,FALSE,"8uQXrq",47407014,0.0318449,0.0264769,"outcome",TRUE,"reported","textfile",2048,2.03e-12,0.00207008224525429,"exposure",TRUE,"reported","FTuOsZ","textfile",2,1,TRUE,NA
"26","rs4916723","C","A","C","A",-0.0112709040269623,-0.0248641,0.404,NA,FALSE,FALSE,FALSE,"8uQXrq",88558577,0.316743,0.024835,"outcome",TRUE,"reported","textfile",1747,8.07e-09,0.00195315466379152,"exposure",TRUE,"reported","FTuOsZ","textfile",2,1,TRUE,NA
"27","rs528301","A","G","A","G",0.015591936824857,-0.00713287,0.605,NA,FALSE,FALSE,FALSE,"8uQXrq",44927769,0.783298,0.0259354,"outcome",TRUE,"reported","textfile",180,1.25e-15,0.00194899210310713,"exposure",TRUE,"reported","FTuOsZ","textfile",2,1,TRUE,NA
"28","rs55872084","T","G","T","G",0.0127313839176137,0.0683426,0.218,NA,FALSE,FALSE,FALSE,"8uQXrq",156474993,0.0435632,0.033862,"outcome",TRUE,"reported","textfile",1748,1.98e-08,0.0022684036513902,"exposure",TRUE,"reported","FTuOsZ","textfile",2,1,TRUE,NA
"29","rs55932213","G","A","G","A",0.0124767116654056,0.00697208,0.701,NA,FALSE,FALSE,FALSE,"8uQXrq",105993341,0.803603,0.0280355,"outcome",TRUE,"reported","textfile",1993,1.8e-08,0.0022160038348945,"exposure",TRUE,"reported","FTuOsZ","textfile",2,1,TRUE,NA
"30","rs6106989","A","G","A","G",0.0108994424567779,-0.0349355,0.628,NA,FALSE,FALSE,FALSE,"8uQXrq",25046994,0.185934,0.0264122,"outcome",TRUE,"reported","textfile",5197,3.81e-08,0.00198335662592062,"exposure",TRUE,"reported","FTuOsZ","textfile",2,1,TRUE,NA
"31","rs62135521","T","G","T","G",-0.0263575525960098,0.0314826,0.0378,NA,FALSE,FALSE,FALSE,"8uQXrq",44068863,0.605059,0.0608784,"outcome",TRUE,"reported","textfile",138,9.91e-09,0.0045952287230083,"exposure",TRUE,"reported","FTuOsZ","textfile",2,1,TRUE,NA
"32","rs6739804","C","T","C","T",-0.0129688398225865,0.0109584,0.66,NA,FALSE,FALSE,FALSE,"8uQXrq",63042469,0.676164,0.026235,"outcome",TRUE,"reported","textfile",228,4.72e-10,0.00208202175696904,"exposure",TRUE,"reported","FTuOsZ","textfile",2,1,TRUE,NA
"33","rs76640332","A","G","A","G",-0.0210080639985037,0.0608812,0.204,NA,FALSE,FALSE,FALSE,"8uQXrq",46112492,0.183053,0.0457267,"outcome",TRUE,"reported","textfile",4706,1.47e-18,0.00238944085370209,"exposure",TRUE,"reported","FTuOsZ","textfile",2,1,TRUE,NA
"34","rs78234152","A","G","A","G",0.0276538012299537,-0.0121693,0.0986,NA,FALSE,FALSE,FALSE,"8uQXrq",99358732,0.733728,0.035774,"outcome",TRUE,"reported","textfile",1305,2.18e-19,0.00307074964131358,"exposure",TRUE,"reported","FTuOsZ","textfile",2,1,TRUE,NA
"35","rs79616692","C","G","C","G",0.0188085151514031,0.0333496,0.11,NA,FALSE,TRUE,TRUE,"8uQXrq",72304608,0.376193,0.037686,"outcome",TRUE,"reported","textfile",2757,2.38e-09,0.00315231430144138,"exposure",TRUE,"reported","FTuOsZ","textfile",2,1,FALSE,NA
"36","rs838145","A","G","A","G",-0.0157978220180249,0.00837649,0.584,NA,FALSE,FALSE,FALSE,"8uQXrq",48745473,0.747896,0.0260612,"outcome",TRUE,"reported","textfile",5177,3.87e-16,0.00194017298179672,"exposure",TRUE,"reported","FTuOsZ","textfile",2,1,TRUE,NA
